1/МСП-1,0001:BAS_C
2/МСП-2,0002:L_M_C
8/RC-1,0008:L_M
8/БК-8,0008:L_M_S
10Б/RC-1,0010B:L_O
14/RC-2,0014:BAS
14/МСП-3,0014:L_O
15/RC-5,0015:BAS
17/RC-5,0017:L_M
18/RP-2,0018:BAS
19Б/RC-5,0019B:L_M
1X/GTC-1,001X:L_M
20/RC-4,0020:BAS
20ББ/БК-15,0020BB:L_M_NE
21/RC-2,0021:BAS
21/МСП-1,0021:L_M_C
24/МСП-1,0024:L_M_C
25/RC-4,0025:BAS
25/БК-16,0025:L_M_S
26/БК-16,0026:L_M_S
27/МСП-1,0027:L_M_C
28/RC-6,0028:L_M
28/МСП-1,0028:L_M_C
29/RC-6,0029:L_M
2X/RC-DM,002X:BAS
30/БК-19,0030:L_M_SW
32/RC-7,0032:L_M
37/МСП-1,0037:L_M_C
38/МСП-1,0038:L_M_C
39/БК-19,0039:L_M_SW
3X/RC-DM,003X:BAS
40/МСП-4,0040:L_M_N
42/МСП-1,0042:L_M_C
43/МСП-1,0043:L_M_C
45/МСП-1,0045:L_M_C
46/МСП-1,0046:L_M_C
47/БК-21,0047:L_M_SW
48/БК-21,0048:L_M_SW
49/БК-21,0049:L_M_SW
50/МСП-4,0050:L_M_N
51/МСП-4,0051:L_M_N
52/МСП-4,0052:L_M_N
5P/GTC-1,005P:L_M
60/МСП-4,0060:L_M_N
60M/RC-10,0060M:L_M
60P/RC-10,0060P:L_M
61/МСП-3,0061:U_O
62/RC-10,0062:L_M
63/RC-10,0063:L_M
64/МСП-3,0064:L_O
65/МСП-3,0065:L_M_N
66/МСП-3,0066:BAS_N
67/МСП-4,0067:L_O
68/МСП-3,0068:L_O
69/МСП-3,0069:L_M_N
6P/GTC-1,006P:L_M
70/RC-7,0070:L_M
71/МСП-3,0071:L_M_N
73/МСП-3,0073:BAS_N
75/МСП-7,0075:U_O
76/МСП-7,0076:L_M_N
80/МСП-6,0080:BAS_N
81/МСП-6,0081:L_M_N
83/МСП-4,0083:L_M_N
83/МСП-4,0083:U_O
88/МСП-4,0088:L_M_N
8P/GTC-1,008P:L_M
91/МСП-4,0091:U_O
92/МСП-4,0092:BAS_N
93/МСП-4,0093:L_M_N
94/МСП-6,0094:L_O
9P/GTC-1,009P:L_M
101/МСП-6,0101:L_M_N
101Б/RP-1,0101B:L_M
102/МСП-5,0102:BAS_N
104/МСП-5,0104:L_O
104Б/RP-1,0104B:L_M
105/RP-1,0105:L_M
106/RP-1,0106:L_M
107/МСП-3,0107:L_M_N
108/RP-1,0108:L_M
108/МСП-5,0108:U_O
109Б/RP-1,0109B:L_M
10P/GTC-1,010P:L_M
110/RP-1,0110:L_M
110/МСП-6,0110:L_M_N
112/RP-1,0112:L_M
116/МСП-5,0116:U_O
117/МСП-5,0117:L_M_N
117Б/RP-1,0117B:L_M
11P/GTC-1,011P:L_M
120/МСП-6,0120:L_O
121/МСП-6,0121:L_M_N
122Б/БК-15,0122B:U_O
123Б/БК-15,0123B:U_O
124Б/БК-15,0124B:U_O
125/БК-15,0125:L_M_NE
126Б/БК-15,0126B:U_O
127/БК-15,0127:L_M_NE
128/БК-15,0128:U_O
129/БК-15,0129:U_O
12P/GTC-1,012P:L_M
130/МСП-4,0130:L_M_N
131/БК-15,0131:U_O
132/БК-15,0132:U_O
133/БК-15,0133:U_O
136/МСП-6,0136:L_M_N
138/БК-15,0138:U_O
139/БК-15,0139:L_M_NE
140/МСП-6,0140:BAS_N
193/МСП-3,0193:L_O
201/RC-2,0201:BAS
203Б/RC-2,0203B:BAS
206/RC-2,0206:BAS
2XБ/GTC-1,02XB:L_M
302/RP-3,0302:BAS
303/RP-3,0303:BAS
305/RC-2,0305:BAS
308Б/RP-3,0308B:BAS
309/RP-3,0309:BAS
310/RP-3,0310:BAS
311/RP-3,0311:BAS
314Б/RP-3,0314B:BAS
315Б/RP-3,0315B:BAS
316/RP-3,0316:BAS
317/RP-3,0317:BAS
318Б/RP-3,0318B:BAS
319/RP-3,0319:BAS
320/RC-2,0320:BAS
321/RC-2,0321:BAS
322Б/RC-2,0322B:BAS
323Б/RP-3,0323B:BAS
324/RP-3,0324:BAS
325/RC-2,0325:BAS
328/RC-2,0328:BAS
401/МСП-1,0401:BAS_C
402/МСП-2,0402:BAS_C
403/МСП-1,0403:BAS_C
404/БК-3,0404:L_M_C
404Б/RC-DM,0404B:BAS
405/RC-DM,0405:BAS
406/RC-DM,0406:BAS
406/БК-1,0406:L_M_C
407/RC-DM,0407:BAS
407Б/БК-3,0407B:L_M_C
408/RC-DM,0408:BAS
408/БК-1,0408:BAS_C
409/RC-DM,0409:BAS
409/МСП-2,0409:L_M_C
410/RC-DM,0410:BAS
410/БК-3,0410:L_O
411/БК-3,0411:L_M_C
412/БК-3,0412:L_O
413Б/БК-3,0413B:BAS_C
414/МСП-2,0414:L_M_C
415Б/БК-4,0415B:L_M_C
416/БК-1,0416:BAS_C
417/МСП-2,0417:L_M_C
418Б/МСП-2,0418B:L_M_C
419/БК-4,0419:L_M_C
420/МСП-2,0420:L_M_C
421/МСП-2,0421:BAS_C
421Б/RC-4,0421B:BAS
422/RC-4,0422:BAS
422/МСП-2,0422:BAS_C
423/БК-4,0423:L_M_C
423/RC-4,0423:U_O
424/RC-4,0424:BAS
425/RC-4,0425:BAS
425/БК-5,0425:BAS_C
426/RC-4,0426:BAS
426Б/БК-5,0426B:BAS_C
427/БК-5,0427:L_M_C
428/МСП-2,0428:L_M_C
429/БК-4,0429:L_M_C
430/БК-3,0430:BAS_C
431/БК-6,0431:BAS_C
432/БК-1,0432:L_M_C
436Б/БК-6,0436B:L_M_C
438Б/БК-6,0438B:L_M_C
439Б/БК-6,0439B:L_M_C
441/БК-8,0441:L_M_S
442Б/БК-6,0442B:L_M_C
443/БК-6,0443:L_M_C
445/МСП-11,0445:L_M_C
446/МСП-11,0446:L_M_C
447/БК-4,0447:BAS_C
449/БК-8,0449:BAS_C
450Б/БК-3,0450B:L_M_C
452/БК-5,0452:L_M_C
455Б/БК-5,0455B:BAS_C
456/БК-5,0456:BAS_C
457/БК-4,0457:L_M_C
458Б/БК-8,0458B:L_M_S
459/БК-4,0459:L_M_C
460/БК-8,0460:L_M_S
462ББ/БК-4,0462BB:L_M_C
467Б/БК-8,0467B:L_M_S
468/БК-3,0468:L_M_C
474/МСП-11,0474:L_M_C
476/БК-8,0476:BAS_C
478/БК-5,0478:BAS_C
479/БК-6,0479:BAS_C
484/МСП-2,0484:L_M_C
488/БК-3,0488:BAS_C
491/МСП-2,0491:L_M_C
498/БК-3,0498:L_O
4P-Б/GTC-1,04PB:L_M
501/RC-5,0501:L_M
502/МСП-5,0502:L_M
502Б/RC-5,0502B:L_M
503/RC-5,0503:L_M
503/МСП-5,0503:U_O
504/RC-5,0504:L_M
505/RC-5,0505:L_M
506/RC-5,0506:L_M
506/МСП-5,0506:U_O
507/RC-5,0507:L_M
507/МСП-5,0507:L_O
508/RC-5,0508:L_M
508/МСП-5,0508:L_O
509/RC-5,0509:L_M
509/МСП-5,0509:U_O
510/RC-5,0510:L_M
510/МСП-5,0510:L_O
514/МСП-5,0514:L_O
516/МСП-5,0516:L_O
556Б/МСП-2,0556B:BAS_C
56Б/БК-14,056B:L_M_S
5XP/GTC-1,05XP:L_M
601Б/RC-6,0601B:L_M
602/RC-6,0602:L_M
602/МСП-6,0602:L_M_N
603Б/RC-6,0603B:L_M
604/RC-6,0604:L_M
605/RC-6,0605:L_M
605/МСП-6,0605:L_O
606/RC-6,0606:L_M
607/RC-6,0607:L_M
608/RC-6,0608:L_M
609/RC-6,0609:L_M
610/RC-6,0610:L_M
611H/RC-6,0611H:L_M
614/RC-6,0614:L_M
668/БК-6,0668:L_M_C
700/МСП-7,0700:U_O
701/RC-7,0701:L_M
701/МСП-7,0701:U_O
702/RC-7,0702:L_M
702/МСП-7,0702:L_O
703/МСП-7,0703:L_O
704/МСП-7,0704:U_O
705/МСП-7,0705:L_M_N
706/МСП-7,0706:L_M_N
707/МСП-7,0707:L_O
708/МСП-7,0708:L_M_N
709/RC-7,0709:L_M
709/МСП-7,0709:L_M_N
710/МСП-7,0710:L_M_N
711/МСП-7,0711:U_O
712/МСП-7,0712:U_O
712/RC-1,0712R:BAS
714/МСП-7,0714:BAS_N
715/МСП-7,0715:U_O
716/МСП-7,0716:U_O
718/МСП-7,0718:L_M_N
720/МСП-7,0720:L_O
7PБ/GTC-1,07PB:L_M
801/МСП-8,0801:BAS_N
802/МСП-8,0802:BAS_C
803/МСП-8,0803:BAS_C
804/МСП-8,0804:BAS_C
805/МСП-8,0804:L_M_N
806/МСП-8,0806:L_M_N
809/МСП-8,0809:L_M_N
810/МСП-4,0810:L_M_N
811/МСП-8,0811:L_M_N
813/МСП-8,0813:L_M_N
815/МСП-8,0815:L_M_N
816/МСП-8,0816:L_M_N
817/МСП-8,0817:L_M_N
818/МСП-8,0819:BAS_N
819/МСП-8,0819:U_O
821/МСП-4,0821:BAS_N
822/МСП-8,0822:L_O
824/БК-18A,0824:L_M_C
826/БК-18A,0826:L_M_N
901/МСП-9,0901:L_M
901Б/RC-9,0901B:BAS
902/RC-9,0902:L_M
902/МСП-9,0902:L_O
903/RC-9,0903:L_M
903/МСП-9,0903:L_O
904/RC-9,0904:L_M
904/МСП-9,0904:L_O
905/RC-9,0905:L_M
905/МСП-9,0905:U_O
906/RC-9,0906:L_M
907/RC-9,0907:L_M
907/МСП-9,0907:U_O
908/RC-9,0908:L_M
908/МСП-4,0908:L_O
909/RC-9,0909:L_M
909/МСП-9,0909:L_M_N
910/МСП-9,0910:BAS_C
910/RC-9,0910:L_M
911/RC-9,0911:L_M
911/МСП-9,0911:L_M_C
912/RC-9,0912:L_M
914/МСП-9,0914:L_M_C
917/МСП-9,0917:L_M_N
918/МСП-9,0918:BAS_C
920/МСП-9,0920:L_M_C
923/МСП-9,0923:BAS_C
924/МСП-9,0924:BAS_C
925/МСП-9,0925:L_M_C
928H/БК-18A,0928H:L_M_C
929/БК-18A,0929:L_M_C
930Б/БК-18A,0930B:L_M_N
931/БК-18A,0931:BAS_C
10001/БК-10,10001:L_M_C
10002/БК-10,10002:BAS_C
10003Б/БК-10,10003B:L_M_C
10004/БК-10,10004:BAS_C
10005/БК-10,10005:L_M_C
10006БББ/БК-10,10006BBB:BAS_C
10007/БК-10,10007:L_M_C
10008ББ/БК-10,10008BB:L_M_C
10009ББ/БК-10,10009B:L_M_C
1001/RC-10,1001:L_M
1001/МСП-10,1001:U_O
1002/МСП-10,1002:L_O
1003/RC-10,1003:L_M
1003/МСП-10,1003:U_O
1004/МСП-10,1004:U_O
1005/МСП-10,1005:L_O
1005/МСП-10,1005:U_O
1007/МСП-10,1007:L_O
1008/МСП-10,1008:L_O
1009/МСП-10,1009:L_O
1010/МСП-10,1010:L_M_N
1011/МСП-10,1011:U_O
1013/МСП-10,1013:U_O
1014/МСП-10,1014:U_O
1016/МСП-10,1016:U_O
1017/МСП-10,1017:L_O
1018/МСП-10,1018:L_O
1019/МСП-10,1019:L_O
1020/МСП-10,1020:L_O
1021/МСП-10,1021:U_O
1022/МСП-10,1022:U_O
1023/МСП-10,1023:L_O
1024/МСП-10,1024:U_O
1025/МСП-10,1025:U_O
1102/МСП-11,1102:L_O
1106/МСП-11,1106:L_O
1110/МСП-11,1110:L_M_C
1111/МСП-11,1111:L_M_C
1112/МСП-11,1112:U_O
1113/МСП-11,1113:L_O
1116/МСП-11,1116:BAS_C
1117/МСП-11,1117:L_M_C
1118/МСП-11,1118:L_O
1119/МСП-11,1119:L_O
1120/МСП-11,1120:L_O
1122/МСП-11,1122:L_O
1201/БК-14,1201:L_M_S
1202/БК-14,1202:L_M_S
1203/БК-14,1203:L_M_S
1203Б/БК-14,1203B:L_M_S
1204/БК-14,1204:BAS
1205/БК-14,1205:L_M_S
1206/БК-14,1206:L_M_S
1207/БК-14,1207:L_M_S
1209/БК-14,1209:L_M_S
1210/БК-14,1210:L_M_S
1211Б/БК-14,1211B:L_M_S
1212/БК-14,1212:L_M_S
1214/БК-14,1214:L_M_S
1215/БК-14,1215:L_M_S
1216/БК-14,1216:L_M_S
1217/БК-14,1217:L_M_S
1218/БК-14,1218:L_M_S
1219/БК-14,1219:L_M_S
1220Б/БК-14,1220B:L_M_S
1221/БК-14,1221:L_M_S
1225/БК-14,1225:L_M_S
1226/БК-14,1226:L_M_S
1227/БК-14,1227:U_O
1228/БК-14,1228:L_O
1229/БК-14,1229:L_M_S
1230/БК-14,1230:L_M_S
15P/GTC-1,15P:L_M
1601ББ/БК-16,1601B:L_M_S
1602/БК-16,1602:L_M_S
1603Б/БК-16,1603B:L_M_S
1604/БК-16,1604:L_M_S
1605/БК-16,1605:L_M_S
1606/БК-16,1606:L_M_S
1607/БК-16,1607:L_M_S
1608/БК-16,1608:L_M_S
1609/БК-16,1609:L_M_S
1610/БК-16,1610:L_M_S
1611/БК-16,1611:L_M_S
1612Б/БК-16,1612B:L_M_S
16БТ/БК-14,16BT:L_M_S
16ХР/GTC-1,16XP:L_M
1702Б/БК-17,1702B:L_M_S
1703/БК-17,1703:U_O
1704БББ/БК-17,1704BBB:L_M_S
1705/БК-17,1705:U_O
1706/БК-17,1706:U_O
1707/БК-17,1707:L_M_S
1708Б/БК-17,1708B:L_M_S
1709/БК-17,1709:BAS_C
1710/БК-17,1710:L_M_S
1713/БК-17,1713:BAS_C
1719/БК-17,1719:BAS_C
1901/БК-19,1901:L_M_SW
1902Б/БК-19,1902B:L_M_SW
1903/БК-19,1903:L_M_SW
20001/БК-20,20001:L_M_SW
20002/БК-20,20002:L_M_SW
20003/БК-20,20003:L_M_SW
20004/БК-20,20004:L_M_SW
20005/БК-20,20005:L_M_SW
20006/БК-20,20006:L_M_SW
20007/БК-20,20007:L_M_SW
2001/RP-2,2001:U_O
2001ББ/МСП-2,2001BB:L_M_C
2002/RP-2,2002:U_O
2002ББ/МСП-2,2002BB:L_M_C
2003/МСП-2,2003:L_M_C
2003/RP-2,2003:L_O
2004/МСП-2,2004:L_M_C
2004/RP-2,2004:L_O
2005/RP-2,2005:L_O
2005Б/МСП-2,2005B:BAS_C
2006/МСП-2,2006:L_M_C
2006/RP-2,2006:L_O
2007/RP-2,2007:L_O
2008/RP-2,2008:U_O
2009/RP-2,2009:L_M
2010/RP-2,2010:L_O
2011/RP-2,2011:L_M
2012/RP-2,2012:BAS
2013/RP-2,2013:L_O
2014/RP-2,2014:L_O
2015/RP-2,2015:L_O
2016/RP-2,2016:L_O
2017Б/RP-2,2017B:L_O
2018/RP-2,2018:L_O
2019/RP-2,2019:U_O
2020/RP-2,2020:L_O
2023/RC-RB1,2023:L_O
2031/RC-RB1,2031:L_M
2032/RC-RB1,2032:L_M
2101/БК-21,2101:L_M_SW
2102/БК-21,2102:L_M_SW
2103/БК-21,2103:L_M_SW
2104/БК-21,2104:L_M_SW
3001/RC-1,3001:L_M
3002/RC-1,3002:BAS
3002/RC-1,3002:U_O
3003/RC-1,3003:BAS
3004/RC-1,3004:L_M
485ББ/МСП-2,485BB:L_M_C
5001/БК-5,5001:BAS_C
5002/БК-5,5002:L_M_C
58XP-Б/БК-19,58XPB:L_M_SW
6001/БК-6,6001:L_M_C
7001Б/БК-7,7001B:BAS_C
7002Б/БК-7,7002B:L_M_C
7003/БК-7,7003:BAS_C
7004/БК-7,7004:BAS_C
7005Б/БК-7,7005B:BAS_C
7006/БК-7,7006:L_O
7007/БК-7,7007:L_M_C
7008Б/БК-7,7008B:BAS_C
7009/БК-7,7009:BAS_C
7010/БК-7,7010:L_M_C
7011/БК-7,7011:L_M_C
8001ББ/БК-8,8001BB:L_M_S
8002/БК-8,8002:U_O
8003/БК-8,8003:BAS_C
8010ББ/БК-17,8010BB:BAS_C
8011/БК-17,8011:L_M_S
8012/БК-8,8012:U_O
8013/БК-8,8013:BAS_C
8014/БК-8,8014:U_O
8015/БК-8,8015:BAS_C
8016/БК-8,8016:L_M_S
90/МСП-6,9001B:BAS_C
9001Б/БК-9,9002:L_M_C
9002ББ/БК-9,9002BB:L_M_C
9003Б/БК-9,9003B:BAS_C
9004/БК-9,9004:BAS_C
9005/БК-9,9005:BAS_C
9006/БК-9,9006:L_M_C
9007/БК-9,9007:L_M_C
9008/БК-9,9008:L_M_C
9009/БК-9,9009:BAS_C
101/CTC-01,CT0101:U_O
102/CTC-01,CT0102:U_O
103/CTC-01,CT0103:U_O
104/CTC-01,CT0104:U_O
105/CTC-01,CT0105:L_M
106/CTC-01,CT0106:L_M
107/CTC-01,CT0107:L_M
108/CTC-01,CT0108:U_O
201/CTC-02,CT0201:U_O
202/CTC-02,CT0202:U_O
204/CTC-02,CT0204:U_O
211/CTC-02,CT0211:L_M
2X/CTC-01,CT2X:U_O
3X/CTC-01,CT3X:U_O
4X/CTC-01,CT4X:U_O
5X/CTC-01,CT5X:L_M
7X/CTC-01,CT7X:U_O
11P-Б/ThTC-1,TT11PB:L_M
12H/ThTC-1,TT12H:L_M
1X-Б/ThTC-1,TT1XB:L_M
1X-Б/ThTC-1,TT1XB:U_O
20P/ThTC-2,TT20P:L_M
23P/ThTC-2,TT23P:L_M
24P/ThTC-2,TT24P:U_O
25P/ThTC-2,TT25P:U_O
26P/ThTC-2,TT26P:U_O
28P/ThTC-2,TT28P:L_M
2X/ThTC-1,TT2X:U_O
33P/ThTC-3,TT33P:U_O
34P/ThTC-2,TT34P:L_M
35XP/ThTC-2,TT35XP:U_O
36P/ThTC-3,TT36P:L_M
37P/ThTC-3,TT37P:L_M
37P/ThTC-3,TT37P:U_O
3XББ/ThTC-1,TT3XBB:L_M
41P/ThTC-3,TT41P:U_O
4XPБ/ThTC-1,TT4XPB:L_M
5P/ThTC-1,TT5P:U_O
5X/ThTC-2,TT5X:L_M
5X/ThTC-2,TT5X:U_O
6H/ThTC-1,TT6H:U_O
6P/ThTC-1,TT6P:L_M
6P/ThTC-1,TT6P:U_O
6X/ThTC-2,TT6X:U_O
7H-Б/ThTC-1,TT7HB:L_M
7X/ThTC-3,TT7X:U_O
8P/ThTC-1,TT8P:U_O
8X/ThTC-3,TT8X:U_O
9H/ThTC-1,TT9H:U_O
9P/ThTC-1,TT9P:U_O
66/RC-8,0066:BAS
24/RC-8,0024:BAS
721/МСП-7,0721:L_M_C
